{
  "project_info": {
    "project_number": "212069569241",
    "firebase_url": "https://passwordmanager-22.firebaseio.com",
    "project_id": "passwordmanager-22",
    "storage_bucket": "passwordmanager-22.appspot.com"
  },
  "client": [
    {
      "client_info": {
        "mobilesdk_app_id": "1:212069569241:android:d04d04794f0e49cc1d24c8",
        "android_client_info": {
          "package_name": "com.vegasoft.mypasswords"
        }
      },
      "oauth_client": [
        {
          "client_id": "212069569241-vhiv4a4vfvg435nrreaa4u6pj1sk8gro.apps.googleusercontent.com",
          "client_type": 3
        }
      ],
      "api_key": [
        {
          "current_key": "AIzaSyCZEgfDUbW6iRwBX56XURD0ZvXBu00nAEM"
        }
      ],
      "services": {
        "appinvite_service": {
          "other_platform_oauth_client": [
            {
              "client_id": "212069569241-vhiv4a4vfvg435nrreaa4u6pj1sk8gro.apps.googleusercontent.com",
              "client_type": 3
            }
          ]
        }
      }
    }
  ],
  "configuration_version": "1"
}